{"cameraMode":{"drawMode":0,"name":"Shaded","section":"Shading Mode"},"sceneLighting":true,"audioPlay":false,"sceneViewState":{"m_AlwaysRefresh":false,"showFog":true,"showSkybox":false,"showFlares":true,"showImageEffects":true,"showParticleSystems":true,"showVisualEffectGraphs":true,"m_FxEnabled":true},"in2DMode":false,"pivot":{"x":2.204275608062744,"y":7.749760150909424,"z":24.891565322875978},"rotation":{"x":0.04236418008804321,"y":0.9527409076690674,"z":-0.2563178539276123,"w":0.15747128427028657},"size":0.8660253882408142,"orthographic":false}