{"cameraMode":{"drawMode":0,"name":"Shaded","section":"Shading Mode"},"sceneLighting":true,"audioPlay":false,"sceneViewState":{"m_AlwaysRefresh":false,"showFog":true,"showSkybox":true,"showFlares":true,"showImageEffects":true,"showParticleSystems":true,"showVisualEffectGraphs":true,"m_FxEnabled":true},"in2DMode":false,"pivot":{"x":-76.9625244140625,"y":22.993602752685548,"z":36.14493179321289},"rotation":{"x":0.006801177281886339,"y":-0.9276764392852783,"z":0.37355130910873415,"w":0.017024170607328416},"size":0.8660253882408142,"orthographic":false}