{"cameraMode":{"drawMode":0,"name":"Shaded","section":"Shading Mode"},"sceneLighting":true,"audioPlay":false,"sceneViewState":{"m_AlwaysRefresh":false,"showFog":true,"showSkybox":true,"showFlares":true,"showImageEffects":true,"showParticleSystems":true,"showVisualEffectGraphs":true,"m_FxEnabled":true},"in2DMode":false,"pivot":{"x":-100.04082489013672,"y":23.170459747314454,"z":42.94144821166992},"rotation":{"x":-0.07195024192333222,"y":-0.9259750247001648,"z":0.29437577724456789,"w":-0.22627301514148713},"size":0.8660253882408142,"orthographic":false}