{"cameraMode":{"drawMode":0,"name":"Shaded","section":"Shading Mode"},"sceneLighting":true,"audioPlay":false,"sceneViewState":{"m_AlwaysRefresh":false,"showFog":true,"showSkybox":true,"showFlares":true,"showImageEffects":true,"showParticleSystems":true,"showVisualEffectGraphs":true,"m_FxEnabled":true},"in2DMode":false,"pivot":{"x":19.290422439575197,"y":-0.7310901880264282,"z":-0.20210900902748109},"rotation":{"x":-0.15384818613529206,"y":0.7549890875816345,"z":-0.19101393222808839,"w":-0.6080493330955505},"size":8.317895889282227,"orthographic":false}