{"cameraMode":{"drawMode":0,"name":"Shaded","section":"Shading Mode"},"sceneLighting":true,"audioPlay":false,"sceneViewState":{"m_AlwaysRefresh":false,"showFog":true,"showSkybox":true,"showFlares":true,"showImageEffects":true,"showParticleSystems":true,"showVisualEffectGraphs":true,"m_FxEnabled":true},"in2DMode":false,"pivot":{"x":0.10679561644792557,"y":1.0761362314224244,"z":24.055896759033204},"rotation":{"x":0.2971128821372986,"y":-0.43883612751960757,"z":0.1562783569097519,"w":0.833653450012207},"size":3.7008702754974367,"orthographic":false}